DG431	ATGATTGTCCGTCAC	267.685683063	4.16666666667
DG430	ATGTGATGACTTCCT	490.236978346	5.6
DG433	ATGTTGCCTTTGAGC	543.320520868	1.93333333333
DG432	ATACACTTCCATATT	550.951588235	4.5
DG435	ATTACAGCAGCTACT	282.357386935	7.53333333333
DG434	ATCGACTTGCTTTAC	753.3852083	1.0
DG437	ATCCAGAAGCCTAAT	301.406516893	4.96666666667
DG436	ATAGAACGTACTGAT	289.165339622	5.43333333333
DG439	ATAGGAACCGATAGG	207.443183216	10.2
DG438	ATTCATAAACATTGG	440.348976697	6.83333333333
DG452	ATTAGAAAAGAGAAT	154.962033729	21.2
DG451	ATACAAGAGAAGAAT	67.059903104	18.7333333333
DG450	ATTAGAGAAGAAGAA	154.750270054	21.2333333333
N25	ATAAATTTGAGAGAG	293.826047763	26.2
DG133	ATATCGAATTACTCA	491.969912412	8.5
DG115a	ATCCCGCTCAAGAGC	154.235938475	6.96666666667
DG444	ATTACAAAGGAGCAA	154.773278959	16.1
DG445	ATTAAAGAACCAGGT	154.954941771	18.2666666667
DG446	ATAGAGGAAGAGGAG	66.7327144615	12.0666666667
DG447	ATACAGAGACAGAGA	67.0347258921	18.7666666667
DG440	ATAACAAGACATCCT	139.547927414	8.83333333333
DG441	ATAGAAGCAGATTCC	369.767688254	7.43333333333
DG442	ATTCAAATACACCAA	210.381546821	13.3666666667
DG443	ATAAGAGGAAGAGCG	66.7882624011	13.1666666667
DG428	ATCTATGGTGTGTGC	304.595926315	7.63333333333
DG429	ATCTTCTCTATTGCA	668.023695891	3.43333333333
DG448	ATTAGAAGAAACAGG	154.971415522	16.8666666667
DG449	ATAGACAGAAAGGAT	67.0211283012	10.2
N25_A1anti	ATATCTCTTTCACAT	546.778630874	2.93333333333
DG427	ATCTCTCTTCTGTTA	760.844238461	3.43333333333
